20160921,bpm,455089,,,,"9,79","9,04","2,86","3,00","7,12","2,48",Y,Y,N,N,N,Y,"0,04","0,40","5,49","0,19"
20170301,bpm,340926,,,,"8,00","6,71","0,07","9,97","2,43","4,79",N,Y,Y,N,N,Y,"2,47","3,04","7,94","9,97"
20160929,bancamarche,290692,,,,"8,35","6,44","6,00","9,58","7,55","4,14",N,Y,N,Y,Y,Y,"8,14","2,06","6,90","7,92"
20180929,ubi,357389,,,,"0,18","4,16","8,42","1,99","5,97","5,05",Y,Y,N,N,Y,N,"1,23","6,46","2,07","7,72"
20150925,bpm,340926,,,,"9,83","1,25","4,12","2,37","5,03","9,39",N,N,Y,Y,N,N,"6,06","9,15","2,61","9,72"
20180823,bpm,446287,,,,"6,77","0,15","1,24","9,79","6,18","8,05",Y,Y,N,N,N,N,"7,89","6,63","5,37","5,83"
20160822,bancamarche,339258,,,,"0,30","7,91","4,71","9,41","5,80","3,49",Y,Y,Y,N,Y,Y,"1,04","3,32","4,76","5,90"
20170628,bpm,298409,,,,"9,83","4,14","6,70","2,84","0,37","1,19",N,N,Y,N,N,Y,"4,33","6,30","7,36","0,22"
20160624,bpm,449653,,,,"1,06","9,66","8,62","6,10","5,19","8,36",Y,N,Y,N,N,Y,"2,04","1,52","0,65","1,17"
20160908,bpm,351122,,,,"0,85","8,18","1,23","4,32","5,51","3,35",N,N,N,N,Y,N,"9,94","3,18","0,61","5,93"
20160223,bancamarche,314104,,,,"6,20","5,58","1,86","6,95","7,82","1,88",N,N,N,N,Y,Y,"0,54","3,99","8,75","9,93"
20161007,bpm,359351,,,,"0,49","0,58","2,77","9,66","5,71","2,74",Y,Y,N,Y,Y,Y,"9,88","0,87","9,79","9,66"
20171031,bancamarche,290692,,,,"9,82","9,27","4,39","4,53","4,20","2,20",N,N,N,N,Y,N,"8,39","3,85","2,80","4,90"
20181221,bpm,368689,,,,"1,85","8,16","6,89","0,80","4,38","6,52",N,Y,N,Y,Y,Y,"1,40","7,08","0,13","4,41"
20170115,bpm,322503,,,,"6,21","5,02","8,97","2,66","6,82","0,66",N,Y,Y,N,N,Y,"8,60","5,72","6,72","9,56"
20190517,bpm,407472,,,,"4,35","7,13","4,06","4,08","9,58","9,34",N,Y,Y,Y,Y,N,"3,27","6,15","4,29","9,74"
20170723,bpm,340926,,,,"2,21","5,23","7,58","7,78","9,71","1,37",Y,N,Y,Y,N,N,"6,83","1,11","7,82","1,48"
20151009,bpm,312710,,,,"9,02","9,64","5,89","9,01","4,07","5,39",N,N,N,N,N,Y,"9,40","5,94","3,60","0,94"
20180502,bpm,446287,,,,"8,83","4,87","7,10","1,04","4,83","8,67",Y,N,Y,Y,N,Y,"8,40","2,21","4,31","1,13"
20151209,ubi,312710,,,,"5,46","8,40","5,00","7,83","5,75","6,49",Y,Y,Y,N,N,N,"0,01","1,57","7,29","8,22"
20160629,ubi,357389,,,,"3,63","2,70","6,86","9,99","0,09","5,95",N,N,Y,N,Y,N,"4,72","7,39","9,12","9,38"
20180424,bpm,352727,,,,"7,71","0,25","9,56","3,15","1,54","6,16",Y,N,N,N,Y,Y,"3,67","5,59","8,03","4,73"
20151229,ubi,276553,,,,"6,17","7,18","1,88","4,37","2,56","2,61",Y,N,N,Y,Y,N,"1,43","5,87","7,06","7,99"
20190430,ubi,407472,,,,"7,98","0,92","9,26","7,85","4,00","4,89",N,N,N,N,Y,N,"9,86","8,16","4,77","1,72"
20160814,bancamarche,314104,,,,"7,48","1,71","5,81","2,10","7,74","2,08",N,Y,N,N,Y,N,"0,15","1,92","9,89","7,80"
20160727,bancamarche,368195,,,,"9,65","2,37","0,72","8,36","9,67","0,19",N,Y,N,Y,N,Y,"9,90","1,68","0,31","3,98"
20170527,bancamarche,322503,,,,"4,61","0,14","2,96","8,26","8,62","0,28",Y,Y,N,Y,Y,Y,"8,79","4,32","0,55","6,22"
20171230,bpm,412166,,,,"2,68","5,28","8,81","0,10","6,18","3,42",N,Y,Y,N,N,N,"4,17","8,32","1,48","1,72"
20190515,bancamarche,446287,,,,"3,08","9,00","1,02","1,58","8,65","5,77",Y,Y,N,N,Y,N,"2,60","4,39","8,33","0,33"
20180325,ubi,351122,,,,"3,82","8,10","7,24","1,04","8,14","9,11",N,Y,N,Y,Y,Y,"9,58","0,77","0,70","9,17"
20161107,ubi,298409,,,,"9,27","7,67","5,40","7,45","0,79","9,29",Y,Y,Y,N,N,N,"8,03","2,53","7,30","0,71"
20160124,ubi,351122,,,,"8,67","5,46","6,82","4,34","2,80","2,26",N,N,Y,Y,Y,N,"9,37","9,23","0,68","9,10"
20190402,bpm,340926,,,,"1,93","7,22","9,72","2,76","7,94","0,14",Y,Y,N,Y,Y,Y,"9,40","1,91","0,54","8,54"
20160617,bancamarche,298409,,,,"4,42","4,60","9,66","3,65","9,23","5,01",N,N,N,N,Y,Y,"9,59","9,28","4,70","7,23"
20170911,ubi,339258,,,,"0,19","4,20","0,28","7,75","5,77","4,21",Y,Y,N,Y,N,N,"3,99","0,53","2,39","9,24"
20180715,bpm,339258,,,,"3,88","7,71","5,42","7,87","3,12","9,75",Y,N,N,Y,N,Y,"0,65","7,66","5,04","6,41"
20170215,bpm,292969,,,,"1,93","7,08","0,14","9,17","0,52","7,17",Y,N,N,Y,Y,N,"3,93","1,67","0,44","9,13"
20151025,ubi,298409,,,,"5,37","7,01","0,53","4,28","3,05","0,90",Y,N,Y,Y,Y,N,"8,70","2,21","6,82","1,67"
20160808,bpm,322503,,,,"7,58","8,87","5,42","5,93","5,90","8,37",Y,Y,N,N,N,N,"1,19","1,96","1,73","4,91"
20180220,ubi,455089,,,,"4,93","2,50","6,33","8,51","0,46","3,49",Y,Y,Y,Y,Y,Y,"6,00","6,45","8,87","6,72"
20161230,ubi,352727,,,,"9,58","7,08","2,87","7,17","6,26","5,96",Y,N,Y,N,Y,Y,"0,56","0,67","3,91","6,94"
20171120,bpm,351122,,,,"2,28","1,43","4,21","4,11","8,95","9,02",N,N,N,Y,Y,N,"5,90","4,75","4,99","2,67"
20190404,bancamarche,446287,,,,"7,09","0,09","5,59","2,93","2,25","0,38",N,N,Y,N,N,N,"8,06","9,14","3,93","3,52"
20160629,ubi,485346,,,,"6,71","9,63","9,78","1,34","4,58","0,37",Y,N,N,N,N,Y,"5,30","4,18","5,52","7,18"
20190410,bpm,426842,,,,"6,73","1,76","4,09","9,68","3,02","8,81",Y,N,Y,Y,N,N,"6,58","4,02","5,09","7,77"
20170908,bancamarche,312710,,,,"9,25","8,28","0,19","9,52","2,75","1,15",Y,N,Y,N,N,N,"3,84","6,66","0,96","2,24"
20180412,bancamarche,276553,,,,"1,69","8,34","6,68","3,06","0,13","3,93",N,Y,N,N,N,N,"1,52","5,75","1,79","5,92"
20190429,ubi,339258,,,,"1,93","2,68","2,15","1,69","3,84","6,70",N,N,N,Y,N,N,"2,22","8,06","1,78","0,97"
20170608,bpm,395505,,,,"0,42","7,08","7,74","7,47","7,04","8,52",Y,Y,N,Y,Y,Y,"1,50","2,90","6,27","9,20"
20160127,bancamarche,290692,,,,"0,44","1,01","8,79","9,64","6,91","6,53",N,N,N,N,N,N,"5,61","1,08","0,91","6,62"
20181210,bancamarche,340926,,,,"4,04","1,31","2,16","3,07","9,23","9,47",N,N,Y,N,Y,N,"8,63","1,25","4,08","0,52"
20180128,bancamarche,351122,,,,"8,56","1,34","8,06","1,99","1,63","2,01",Y,Y,Y,N,Y,Y,"1,50","0,70","0,67","1,37"
20170514,ubi,322503,,,,"9,85","8,01","4,35","3,72","5,38","1,63",Y,N,Y,N,N,Y,"7,84","4,31","9,36","1,41"
20160314,bpm,276553,,,,"8,07","0,03","9,52","1,29","1,27","3,69",N,N,N,Y,Y,N,"3,48","2,94","3,04","2,44"
20180502,ubi,340926,,,,"7,68","5,99","7,32","9,99","9,92","5,82",Y,Y,N,N,Y,N,"3,60","7,33","2,28","9,25"
20160229,bancamarche,412166,,,,"9,80","1,59","2,57","2,00","7,62","6,41",Y,N,Y,N,Y,N,"7,76","2,84","3,67","8,25"
20151215,bpm,314104,,,,"4,73","7,71","4,81","1,25","0,01","8,99",N,N,Y,Y,N,N,"3,83","7,47","9,73","2,73"
20160518,ubi,485346,,,,"6,28","6,92","3,65","4,24","1,42","0,94",Y,N,N,Y,N,Y,"4,49","6,18","6,76","1,64"
20150708,ubi,276553,,,,"0,30","3,26","4,64","2,66","8,12","4,96",N,N,Y,Y,N,N,"6,24","7,48","0,70","2,01"
20170617,bancamarche,276553,,,,"3,97","1,60","6,83","5,67","2,87","2,36",Y,N,N,N,Y,Y,"0,08","4,94","8,42","5,46"
20171124,ubi,455089,,,,"9,13","4,83","2,75","7,70","4,95","9,44",N,N,Y,Y,Y,Y,"4,74","2,66","0,42","3,44"
20161120,bancamarche,359351,,,,"8,84","6,44","0,96","7,59","3,15","0,85",N,Y,Y,N,N,N,"2,58","7,72","8,30","7,47"
20160621,bpm,485346,,,,"9,44","0,44","9,73","5,80","4,33","4,70",Y,Y,Y,Y,N,N,"4,59","3,40","8,78","9,21"
20180131,bancamarche,352727,,,,"0,62","0,80","4,63","6,59","8,13","6,79",N,Y,Y,N,N,Y,"4,41","6,39","1,88","5,16"
20151206,ubi,276553,,,,"5,60","6,96","5,05","4,34","7,67","4,60",Y,Y,Y,Y,Y,Y,"9,17","6,28","0,49","6,07"
20170126,ubi,411952,,,,"2,63","2,21","2,88","3,88","3,96","7,69",N,N,Y,N,N,N,"9,17","1,91","7,31","0,19"
20150824,bpm,352727,,,,"1,68","4,90","1,41","9,18","9,86","5,56",Y,Y,N,N,N,N,"3,50","4,47","8,36","6,32"
20190111,bancamarche,322503,,,,"5,88","4,17","7,56","6,22","4,86","9,87",N,N,Y,Y,N,Y,"8,50","3,87","8,44","9,80"
20170615,bancamarche,357389,,,,"8,36","4,76","2,35","6,29","4,76","5,66",N,Y,Y,N,Y,N,"4,28","8,56","5,13","0,49"
20170927,bancamarche,485346,,,,"9,79","9,73","7,73","3,40","9,55","9,04",Y,N,Y,N,N,Y,"8,78","3,03","5,35","1,23"
20190408,bancamarche,412166,,,,"3,16","9,59","5,90","3,12","4,12","8,98",N,N,N,Y,Y,N,"8,37","3,78","1,69","7,00"
20180206,bancamarche,455089,,,,"4,58","7,80","0,26","5,08","2,94","1,74",N,Y,N,Y,N,Y,"2,34","2,75","5,90","2,10"
20160710,bpm,298409,,,,"6,45","1,40","3,81","9,69","0,86","6,12",N,Y,Y,Y,Y,Y,"2,12","4,68","9,92","0,95"
20170914,bancamarche,314104,,,,"1,18","3,12","9,13","1,34","3,67","9,04",Y,Y,N,N,Y,Y,"5,78","5,00","5,93","4,19"
20190307,ubi,276553,,,,"2,98","9,27","1,81","5,89","1,82","0,15",Y,Y,N,N,N,Y,"2,79","7,77","4,98","4,18"
20170701,bancamarche,276553,,,,"7,74","6,06","4,78","5,51","0,10","4,47",N,Y,N,N,N,Y,"1,24","1,53","9,07","7,82"
20181114,bpm,368195,,,,"1,01","2,54","2,64","7,35","8,60","0,27",N,N,N,Y,N,Y,"2,75","8,54","7,95","3,77"
20190212,ubi,322503,,,,"1,55","4,56","7,28","5,57","1,41","9,04",Y,N,Y,N,N,Y,"8,87","7,33","0,27","7,44"
20150625,bancamarche,455089,,,,"2,00","0,68","5,87","1,16","8,60","3,24",Y,Y,N,N,N,N,"2,18","2,27","9,50","7,35"
20180315,ubi,312710,,,,"8,84","5,59","9,10","3,67","3,20","0,47",N,Y,N,Y,Y,Y,"5,38","9,00","9,69","6,34"
20150620,bpm,368195,,,,"1,06","1,17","0,35","9,89","5,15","5,16",Y,Y,N,N,Y,Y,"2,42","5,19","0,30","4,00"
20180731,bancamarche,286543,,,,"1,03","7,63","2,48","9,28","6,21","0,95",N,Y,Y,N,Y,N,"4,83","0,56","5,72","0,33"
20190217,ubi,351122,,,,"4,01","8,25","2,76","1,16","5,92","7,93",Y,Y,N,Y,Y,Y,"1,15","7,77","1,23","6,95"
20160612,bpm,446287,,,,"4,98","6,01","6,83","5,77","6,47","7,38",Y,N,N,Y,Y,N,"7,11","2,28","1,27","2,95"
20150707,bancamarche,290692,,,,"3,55","2,84","4,81","3,48","9,36","5,26",N,N,N,N,Y,N,"8,02","7,22","1,61","0,76"
20150728,bancamarche,411952,,,,"1,18","2,17","9,64","4,71","2,77","2,27",Y,Y,N,Y,N,N,"8,62","1,82","9,80","3,53"
20170103,bpm,368195,,,,"9,06","5,36","4,65","0,59","1,00","2,34",Y,Y,Y,N,N,Y,"9,30","3,75","2,45","9,11"
20181224,ubi,407472,,,,"9,55","4,70","0,33","2,20","1,77","9,45",Y,N,Y,Y,Y,Y,"9,20","0,57","8,10","1,92"
20170919,bpm,352727,,,,"9,55","3,53","0,78","4,34","4,16","9,41",Y,N,N,N,Y,N,"8,67","5,97","1,69","9,82"
20160529,ubi,368195,,,,"3,95","7,03","6,36","4,61","9,84","8,29",N,Y,Y,N,Y,Y,"8,32","1,87","4,89","3,13"
20160523,ubi,446287,,,,"8,15","2,31","6,45","6,86","6,99","6,05",Y,Y,Y,N,N,Y,"0,16","9,10","6,71","4,57"
20190428,bpm,352727,,,,"9,82","8,08","6,23","4,82","0,35","0,93",Y,Y,N,Y,Y,N,"3,02","1,27","4,59","5,86"
20180709,bpm,417469,,,,"9,60","5,38","3,04","9,38","8,45","4,14",N,N,N,Y,Y,N,"9,12","3,13","9,41","8,17"
20181023,bancamarche,455089,,,,"9,44","4,48","8,10","4,44","3,71","1,07",N,N,N,Y,N,Y,"5,72","6,60","8,79","9,25"
20170917,bancamarche,276553,,,,"2,92","7,66","2,94","6,32","3,82","6,30",Y,N,Y,N,Y,N,"5,07","7,38","6,09","4,89"
20170226,bpm,339258,,,,"3,20","8,40","5,34","7,53","4,42","8,61",N,Y,N,N,Y,N,"7,55","6,92","3,49","1,71"
20160505,bpm,446287,,,,"9,16","5,81","3,13","0,98","0,25","4,89",N,N,Y,Y,Y,N,"3,64","5,49","0,63","0,23"
20150819,bpm,485346,,,,"9,94","9,89","2,43","1,23","2,37","3,91",Y,Y,N,N,Y,N,"5,22","6,56","4,93","4,22"
20160407,bpm,455089,,,,"2,74","2,25","7,77","3,97","3,54","3,98",N,Y,Y,Y,N,N,"9,26","1,99","7,54","7,47"
20161108,bpm,407472,,,,"9,98","7,05","4,00","9,23","0,17","6,50",Y,N,N,N,Y,N,"6,86","3,40","2,70","0,28"
20161113,ubi,357389,,,,"2,86","5,65","8,90","6,09","6,34","7,10",Y,Y,Y,Y,N,N,"6,62","7,98","4,67","6,50"
20161212,bancamarche,351122,,,,"8,26","2,40","3,11","2,08","7,05","4,23",N,N,N,N,N,Y,"7,44","2,41","1,12","4,62"
20181007,bpm,298409,,,,"1,69","2,55","4,20","5,92","5,21","3,21",Y,N,N,Y,Y,N,"0,24","5,69","6,27","5,83"
20170812,bpm,499140,,,,"9,19","2,30","1,45","2,14","2,57","2,15",N,Y,N,N,Y,Y,"9,67","6,53","6,37","6,08"
20160525,bpm,286543,,,,"7,68","4,88","4,24","7,99","8,76","5,82",N,Y,N,Y,Y,Y,"3,76","6,24","9,69","0,80"
20180812,bancamarche,352727,,,,"3,59","0,27","8,00","2,87","6,46","1,87",Y,N,N,Y,N,Y,"6,90","3,07","2,40","3,19"
20150908,bancamarche,286543,,,,"6,40","3,93","7,00","1,35","6,27","4,92",N,Y,N,Y,N,N,"9,66","7,68","8,69","0,81"
20160728,bpm,290692,,,,"3,00","3,20","4,47","3,29","6,48","2,75",Y,Y,Y,Y,N,N,"5,05","8,25","0,80","4,77"
20151020,ubi,298409,,,,"5,02","2,04","0,50","2,44","5,42","2,09",N,Y,Y,N,N,N,"4,31","0,23","7,44","0,45"
20170107,bpm,351122,,,,"3,48","7,68","1,15","1,55","3,12","1,64",N,Y,N,Y,Y,N,"1,26","1,54","3,89","4,12"
20160809,ubi,322503,,,,"6,75","5,43","6,87","3,57","0,99","3,38",Y,Y,N,Y,Y,N,"8,57","5,19","7,71","2,97"
20180110,ubi,455089,,,,"6,52","3,10","6,03","9,82","3,04","6,88",N,Y,N,N,N,N,"0,30","4,77","0,89","8,00"
20151210,bancamarche,455089,,,,"5,56","6,07","8,15","2,84","2,62","4,37",Y,Y,Y,Y,N,N,"4,48","6,20","9,90","3,45"
20151109,ubi,276553,,,,"8,01","9,45","5,75","5,90","2,74","6,20",N,Y,Y,Y,Y,Y,"1,97","2,51","2,60","8,37"
20180927,bancamarche,411952,,,,"2,77","8,65","2,32","8,61","9,53","5,40",N,Y,N,Y,Y,N,"3,86","2,59","5,83","1,23"
20180912,bancamarche,339258,,,,"8,75","0,01","6,62","0,69","1,92","3,03",N,N,Y,N,N,Y,"4,78","4,03","1,32","4,11"
20181117,bancamarche,359351,,,,"0,53","6,22","8,32","9,01","1,60","5,19",N,N,N,N,Y,Y,"2,38","2,79","3,11","3,06"
20170328,bpm,339258,,,,"7,20","6,72","9,15","6,73","1,36","0,29",Y,N,Y,N,Y,N,"4,71","7,16","7,89","9,73"
20160622,bancamarche,412166,,,,"3,57","0,24","8,97","0,78","9,10","4,19",N,N,Y,Y,Y,Y,"3,90","9,01","8,65","8,92"
20180223,bpm,368195,,,,"3,21","0,04","0,24","0,93","1,98","0,91",Y,N,Y,N,N,Y,"2,59","7,12","1,42","3,88"
20171012,bpm,286543,,,,"5,98","1,54","3,23","9,26","9,73","3,95",Y,Y,N,N,N,N,"1,34","5,54","4,09","6,13"
20160506,bpm,455089,,,,"8,40","0,00","7,57","4,05","7,76","8,90",Y,Y,Y,N,N,N,"6,60","5,72","2,49","1,10"
20161017,ubi,368195,,,,"8,23","7,43","5,34","7,93","4,34","2,78",N,N,N,N,N,N,"1,28","6,50","9,26","5,69"
20180315,ubi,411952,,,,"2,91","7,21","5,59","0,24","1,32","3,62",Y,Y,N,Y,N,N,"7,08","1,85","1,86","8,07"
20151016,ubi,411952,,,,"4,24","0,94","1,31","4,68","1,65","6,41",Y,Y,Y,N,N,N,"0,72","6,19","4,35","3,69"
20180623,bancamarche,298409,,,,"3,13","8,25","8,86","0,41","4,95","5,62",N,N,Y,N,Y,N,"1,41","2,12","0,04","5,63"
20160829,ubi,485346,,,,"5,27","4,30","0,98","2,69","8,32","7,30",N,N,Y,Y,N,Y,"2,78","4,64","8,65","8,14"
20190203,bpm,359351,,,,"8,31","9,04","9,80","6,94","3,51","7,52",Y,N,Y,N,Y,N,"2,85","2,41","9,25","3,20"
20161020,bpm,286543,,,,"4,08","3,81","9,33","0,42","6,84","7,00",N,Y,Y,Y,N,N,"6,09","3,01","0,60","6,89"
20180722,bpm,412166,,,,"1,22","2,85","0,30","0,23","0,23","1,19",N,N,N,Y,N,Y,"7,61","5,61","6,28","9,05"
20171111,bpm,357389,,,,"1,98","2,44","8,49","9,18","7,16","0,87",N,Y,Y,N,Y,Y,"4,99","9,12","4,31","8,12"
20160325,bpm,417469,,,,"9,90","9,74","0,92","6,93","4,61","6,12",Y,N,N,N,Y,N,"7,23","6,25","1,62","4,71"
20180811,bpm,340926,,,,"2,55","5,37","7,63","2,56","1,25","8,61",N,Y,Y,N,Y,N,"7,19","2,62","7,25","5,80"
20160423,ubi,340926,,,,"7,04","7,29","8,21","1,39","1,87","3,75",N,N,N,N,Y,Y,"1,05","0,23","7,84","7,24"
20170517,ubi,286543,,,,"3,28","1,64","1,39","2,52","3,07","6,97",N,Y,N,Y,Y,N,"0,09","2,88","6,13","5,56"
20190311,bpm,312710,,,,"5,32","9,70","1,65","8,65","3,89","1,82",N,Y,Y,N,N,N,"3,29","1,89","2,82","3,92"
20180114,bancamarche,357389,,,,"0,41","2,94","6,14","5,45","4,34","5,33",N,Y,N,N,N,Y,"1,69","5,32","7,03","4,83"
20181111,ubi,322503,,,,"1,03","1,85","7,54","9,58","8,86","7,63",N,N,Y,Y,Y,N,"3,93","4,17","4,01","9,12"
20160103,bpm,407472,,,,"2,96","8,85","7,73","3,01","5,66","4,99",N,N,N,Y,Y,N,"8,74","5,96","5,22","7,09"
20151123,bancamarche,446287,,,,"2,44","1,96","2,17","1,66","9,28","1,44",Y,N,N,Y,Y,N,"0,07","8,41","0,25","8,87"
20190224,ubi,351122,,,,"9,82","3,01","3,37","6,57","3,67","4,16",Y,Y,N,N,N,Y,"5,21","7,65","2,97","4,08"
20180425,bancamarche,314104,,,,"8,87","5,66","2,83","2,91","9,43","1,97",N,N,N,Y,Y,N,"6,09","7,75","3,96","1,31"
20180124,bpm,340926,,,,"7,07","9,17","2,91","4,75","8,72","4,96",N,N,N,Y,Y,N,"1,27","7,73","5,38","5,10"
20170218,bpm,298409,,,,"4,46","8,11","8,51","4,13","6,32","2,92",N,N,Y,N,Y,Y,"3,74","1,17","6,01","5,05"
20190312,ubi,312710,,,,"6,97","8,18","6,12","8,26","1,73","8,29",N,Y,Y,N,Y,Y,"1,62","6,65","8,91","9,61"
20170819,ubi,290692,,,,"8,98","7,39","5,34","3,41","2,50","0,11",Y,N,Y,N,N,N,"6,25","2,06","9,46","8,26"
20180428,bpm,446287,,,,"1,96","1,62","3,77","9,05","8,24","1,32",Y,Y,N,N,N,Y,"6,43","6,43","3,06","2,18"
20151214,bpm,361314,,,,"6,84","0,43","9,65","2,72","7,12","7,74",Y,Y,N,N,Y,N,"3,49","6,64","1,42","1,50"
20170517,bancamarche,407472,,,,"9,49","2,01","6,22","8,46","3,16","8,24",N,N,Y,N,N,Y,"3,68","2,38","5,67","6,90"
20161128,bpm,357389,,,,"9,64","3,42","5,53","6,98","7,73","5,11",N,Y,Y,Y,N,N,"7,28","0,44","0,98","9,85"
20170226,bpm,393738,,,,"9,15","4,73","7,83","3,99","9,73","4,31",Y,Y,N,Y,N,Y,"6,25","0,19","1,06","0,56"
20151006,bancamarche,446287,,,,"8,92","4,28","7,89","6,14","0,93","3,08",N,N,N,N,N,Y,"8,64","3,79","7,14","2,09"
20161212,ubi,312710,,,,"7,39","3,47","5,75","6,97","3,36","6,08",N,Y,N,N,N,Y,"1,90","6,64","6,39","8,85"
20160806,ubi,407472,,,,"4,58","2,86","0,41","5,31","1,68","7,31",Y,N,Y,N,Y,N,"1,11","0,04","9,35","6,70"
20150805,ubi,339258,,,,"6,57","8,75","0,43","4,75","8,26","2,41",Y,Y,N,N,N,N,"3,37","1,27","5,52","7,19"
20190118,bancamarche,298409,,,,"0,73","1,45","5,80","2,19","8,52","2,14",Y,Y,N,N,Y,Y,"2,55","9,67","3,88","6,15"
20180722,bpm,385053,,,,"3,93","1,83","3,30","8,71","1,67","9,05",Y,N,N,Y,Y,Y,"2,34","0,05","2,94","4,90"
20180318,ubi,368195,,,,"2,59","2,73","5,29","1,50","8,64","2,28",N,Y,Y,Y,Y,Y,"9,89","8,14","9,52","6,97"
20170405,bancamarche,485346,,,,"2,99","8,51","0,80","5,08","8,09","7,78",N,N,N,N,N,N,"2,51","0,29","0,96","6,20"
20160716,bancamarche,314104,,,,"2,59","3,55","4,06","1,33","0,26","4,39",N,N,N,Y,N,N,"2,01","1,11","2,39","9,02"
20171119,bancamarche,314104,,,,"4,23","0,32","2,94","2,91","7,34","0,85",Y,Y,N,Y,N,N,"2,29","4,26","5,34","9,09"
20190416,bpm,322503,,,,"4,52","5,83","2,84","7,89","1,16","3,18",Y,N,N,Y,N,N,"1,96","7,92","4,26","4,00"
20160314,bpm,290692,,,,"3,53","9,00","6,01","5,60","2,03","0,61",Y,N,Y,N,N,N,"9,18","6,86","9,57","0,62"
20170625,ubi,314104,,,,"1,68","8,16","8,11","5,76","9,41","0,63",N,Y,Y,N,Y,Y,"6,85","9,28","7,26","5,67"
20180217,bpm,276553,,,,"5,77","9,30","8,76","3,88","1,00","4,92",Y,Y,Y,N,N,N,"1,14","7,62","6,14","4,77"
20160218,bancamarche,312710,,,,"3,03","3,21","2,26","9,69","1,74","5,00",N,N,Y,Y,N,Y,"3,63","6,12","6,62","9,62"
20190426,bancamarche,322503,,,,"3,96","9,55","5,64","9,86","9,64","8,05",Y,Y,Y,N,Y,Y,"0,91","6,37","6,12","8,64"
20180516,bpm,286543,,,,"9,92","1,15","0,10","8,03","8,96","2,49",Y,N,N,N,Y,Y,"4,20","4,89","2,93","8,16"
20150912,bpm,446287,,,,"4,26","5,96","5,69","3,17","1,61","2,94",N,N,N,N,N,N,"2,61","0,63","7,66","5,46"
20171124,bpm,406397,,,,"6,50","4,14","5,08","9,68","6,60","2,28",Y,Y,N,N,N,N,"2,20","3,64","6,87","0,01"
20160304,bpm,407472,,,,"1,31","9,44","4,84","8,10","6,68","8,57",N,Y,Y,Y,Y,Y,"3,66","4,84","1,11","3,90"
20180308,bpm,340926,,,,"1,04","3,21","3,03","1,84","3,97","0,58",Y,N,N,Y,Y,N,"7,33","1,70","3,06","3,30"
20170925,bpm,395505,,,,"4,62","1,14","7,64","7,51","2,13","6,32",Y,N,Y,Y,N,Y,"6,76","4,90","9,47","4,09"
20190516,bpm,412166,,,,"0,19","0,27","8,82","8,92","0,99","6,64",N,N,N,N,Y,Y,"5,69","3,25","4,41","4,91"
20160227,bpm,340926,,,,"9,44","3,49","3,59","2,43","0,96","2,17",Y,N,Y,N,N,Y,"6,81","5,29","6,55","6,87"
20150628,bpm,340926,,,,"6,64","8,52","5,69","2,88","2,39","3,76",Y,Y,N,N,N,N,"0,60","8,21","5,77","2,78"
20180413,ubi,314104,,,,"3,18","9,57","7,50","9,70","0,96","8,49",Y,Y,N,N,Y,Y,"7,24","0,85","8,36","7,09"
20161128,ubi,359351,,,,"5,02","9,37","1,41","0,67","5,41","8,63",Y,Y,N,Y,N,N,"0,42","4,21","7,21","8,11"
20170402,ubi,298409,,,,"3,78","1,73","6,94","0,82","7,19","3,85",N,Y,N,N,N,N,"0,58","2,31","9,95","1,69"
20170602,bancamarche,485346,,,,"6,38","4,76","2,63","2,22","9,62","5,27",N,Y,N,Y,Y,N,"8,14","8,05","6,27","9,35"
20171205,ubi,314104,,,,"7,38","7,69","7,63","1,97","8,00","5,05",N,Y,N,N,N,N,"8,43","5,61","1,97","1,77"
20160703,bpm,286543,,,,"8,02","3,59","8,97","0,25","2,31","0,59",Y,Y,Y,N,Y,N,"2,81","7,78","7,73","3,95"
20181209,bancamarche,340926,,,,"9,55","0,84","1,33","6,03","1,85","8,49",N,N,Y,Y,Y,N,"5,94","3,90","7,09","9,87"
20151206,bancamarche,339258,,,,"6,67","3,02","2,60","1,66","9,09","3,79",Y,N,Y,Y,N,Y,"1,57","4,49","9,73","5,97"
20160811,bpm,385053,,,,"6,56","7,39","7,16","5,70","7,79","6,04",Y,N,Y,N,Y,N,"9,52","2,06","6,90","8,21"
20161203,ubi,407472,,,,"2,95","1,12","0,69","2,90","0,08","2,11",N,Y,Y,N,Y,N,"4,06","4,99","9,13","3,13"
20170810,bpm,368195,,,,"3,49","8,04","8,47","7,38","8,58","8,31",Y,N,N,Y,Y,Y,"9,40","3,88","0,09","6,42"
20171006,bpm,339258,,,,"5,31","3,75","7,42","5,03","3,31","0,28",Y,Y,Y,Y,N,Y,"4,84","4,25","5,30","4,13"
20150708,bpm,404684,,,,"1,46","8,34","7,14","0,76","4,45","1,03",Y,N,N,N,Y,N,"2,25","1,90","5,41","3,42"
20160829,bpm,276553,,,,"4,13","2,12","4,27","6,90","3,51","1,19",Y,N,Y,N,Y,Y,"0,01","3,74","2,03","1,45"
20160704,bancamarche,339258,,,,"5,80","8,70","3,61","3,30","0,75","5,83",Y,N,Y,Y,Y,N,"6,66","5,30","1,30","6,35"
20170330,bancamarche,290692,,,,"9,23","3,79","0,54","9,04","1,04","7,28",Y,Y,Y,N,Y,N,"5,63","2,87","8,91","1,03"
20171114,bancamarche,359351,,,,"4,00","8,61","1,90","1,97","5,62","1,05",Y,N,N,N,N,Y,"3,50","5,36","6,17","8,26"
20190329,bancamarche,339258,,,,"5,50","1,69","3,12","0,58","2,13","5,61",N,N,N,N,N,N,"0,34","9,19","3,99","9,25"
20160802,bpm,322503,,,,"5,33","9,83","0,05","1,53","9,54","1,14",N,N,Y,N,N,N,"6,43","6,79","3,24","9,87"
20190517,bancamarche,276553,,,,"7,66","9,46","4,49","8,17","3,05","4,15",N,Y,Y,Y,N,N,"9,03","4,81","2,81","1,33"
20171222,bpm,298706,,,,"3,07","1,02","8,46","1,64","0,08","3,02",Y,Y,N,Y,Y,Y,"4,75","4,68","6,65","9,36"
20161207,bancamarche,286543,,,,"1,40","7,22","0,98","8,17","7,68","5,18",Y,N,Y,N,Y,N,"9,26","8,10","4,79","3,58"
20150607,bancamarche,455089,,,,"5,12","0,09","9,67","2,87","9,37","1,35",Y,N,N,Y,Y,N,"2,47","7,60","3,65","8,30"
20150719,ubi,368195,,,,"1,38","4,09","1,78","8,33","1,71","2,66",N,N,N,Y,N,Y,"4,59","8,05","1,47","2,08"
20170921,ubi,446287,,,,"1,93","7,21","7,02","5,46","4,62","4,34",Y,N,N,Y,N,N,"1,39","9,93","2,72","5,44"
20150623,bpm,455089,,,,"9,19","5,32","4,70","4,14","1,05","7,98",N,N,N,N,N,Y,"0,24","2,04","6,61","9,78"
20150818,bancamarche,339258,,,,"6,07","8,76","4,26","6,64","1,87","5,45",N,N,N,N,N,Y,"0,90","2,85","0,37","5,07"
20170910,bpm,290692,,,,"0,21","9,79","8,01","8,81","3,63","6,10",N,N,N,Y,Y,Y,"5,14","5,39","3,92","5,17"
20190310,bpm,455089,,,,"7,06","1,88","5,38","2,03","0,91","2,16",N,N,Y,Y,Y,Y,"4,78","1,87","4,27","5,75"
20151024,bpm,322503,,,,"8,04","9,74","3,53","2,59","3,24","8,67",N,Y,N,Y,Y,Y,"3,03","6,36","0,96","5,28"
20170103,bancamarche,359351,,,,"4,13","2,71","5,31","0,70","6,84","8,41",N,N,Y,N,N,N,"9,54","6,23","2,36","0,60"
20150630,bancamarche,455089,,,,"1,03","5,55","8,30","4,19","1,91","6,27",Y,Y,N,N,Y,N,"3,50","3,42","7,17","0,06"
20160403,bancamarche,359351,,,,"3,79","1,63","6,50","0,05","7,19","3,74",N,N,Y,N,N,N,"2,90","8,68","7,18","9,21"
20170414,bpm,368689,,,,"8,45","6,44","5,91","0,48","7,28","1,29",N,N,Y,N,N,N,"8,41","0,02","3,58","3,59"
20181019,bpm,357389,,,,"9,16","7,88","3,66","4,49","1,99","9,52",N,Y,Y,Y,Y,Y,"7,64","4,30","2,56","1,46"
20160516,bpm,368195,,,,"5,55","3,38","9,01","6,97","7,17","6,79",N,Y,Y,N,N,Y,"0,81","6,92","9,81","7,18"
20171004,bancamarche,286543,,,,"8,05","8,90","2,76","2,06","7,47","1,86",N,Y,Y,N,N,Y,"0,58","8,11","1,61","1,24"
20170209,bancamarche,290692,,,,"7,70","4,69","8,94","2,80","4,94","1,70",Y,N,Y,N,N,N,"6,04","0,50","8,36","4,92"
20171220,bpm,412166,,,,"3,17","6,65","9,44","4,54","6,16","6,06",Y,Y,N,Y,N,Y,"8,99","6,52","7,08","7,10"
20170220,bpm,446287,,,,"3,30","2,19","9,01","6,49","5,67","3,94",Y,Y,Y,N,N,N,"0,54","1,64","3,86","3,05"
20160814,bancamarche,298409,,,,"6,42","0,75","4,60","8,00","2,36","9,52",N,N,N,Y,N,Y,"5,29","0,96","2,31","2,07"
20150617,bpm,485346,,,,"5,37","9,98","2,53","3,37","3,01","1,52",N,N,N,Y,N,Y,"3,19","3,01","4,04","1,10"
20181122,bancamarche,351122,,,,"8,47","9,33","8,83","7,33","6,96","2,67",N,N,N,Y,N,N,"6,74","8,17","2,17","4,45"
20150629,bancamarche,340926,,,,"7,86","1,78","2,79","2,73","6,27","4,36",Y,Y,Y,Y,N,N,"6,89","4,26","1,15","8,39"
20190111,ubi,446287,,,,"7,10","4,61","6,49","5,00","4,16","2,09",Y,Y,N,N,N,N,"7,48","2,30","0,83","9,91"
20151028,bpm,411952,,,,"9,42","7,69","7,56","6,65","3,88","0,42",N,N,Y,N,Y,N,"4,80","7,50","2,50","9,69"
20160920,bpm,368195,,,,"1,27","7,57","3,56","7,73","3,25","0,51",N,N,N,N,N,Y,"6,03","3,98","0,17","6,68"
20161123,ubi,359351,,,,"3,74","6,16","3,80","7,74","3,77","3,76",Y,N,N,Y,Y,Y,"2,06","0,80","8,32","7,57"
20190323,ubi,339258,,,,"7,81","9,58","8,43","0,92","3,16","3,24",Y,N,Y,Y,N,Y,"0,95","7,77","8,96","3,61"
20161120,bancamarche,455089,,,,"0,51","8,45","5,28","0,73","4,32","4,75",Y,Y,N,N,N,N,"6,11","7,83","8,19","3,30"
20151121,bancamarche,455089,,,,"7,57","1,66","5,30","8,24","3,74","3,42",Y,Y,N,N,N,Y,"0,31","1,33","1,60","1,81"
20171119,bpm,446287,,,,"8,00","0,74","8,20","1,12","7,35","5,35",N,N,N,Y,Y,Y,"9,54","9,29","6,56","6,59"
20170224,bpm,314104,,,,"3,74","6,09","2,59","2,81","2,96","2,35",N,N,N,Y,N,N,"1,57","6,78","4,19","5,95"
20160517,bpm,351122,,,,"8,98","8,87","2,04","4,74","0,20","7,68",N,N,Y,N,Y,Y,"5,33","7,37","9,05","7,04"
20180529,ubi,351122,,,,"3,65","7,46","8,30","4,00","9,75","1,41",N,N,N,Y,Y,N,"1,41","6,05","5,68","3,37"
20171208,bancamarche,412166,,,,"7,50","0,92","0,61","5,64","5,44","4,92",Y,Y,N,Y,N,Y,"2,63","2,64","0,26","4,29"
20151020,bpm,417469,,,,"3,46","3,92","6,11","7,57","6,82","3,90",Y,N,Y,Y,Y,Y,"1,47","5,81","4,13","6,13"
20160419,bancamarche,286543,,,,"0,42","5,68","2,47","8,38","8,28","6,79",N,N,N,N,Y,N,"0,76","2,36","4,67","0,78"
20160319,ubi,357389,,,,"6,14","8,18","7,22","8,18","4,03","0,52",Y,N,N,N,Y,Y,"0,39","5,23","7,71","9,15"
20160619,bancamarche,276553,,,,"7,67","0,81","7,76","7,19","2,26","4,31",Y,Y,Y,N,N,Y,"5,09","7,19","1,04","3,23"
20161107,ubi,407472,,,,"7,00","6,07","2,45","3,35","1,89","2,19",Y,Y,Y,N,Y,Y,"6,81","7,47","4,37","3,22"
20171227,bpm,368195,,,,"0,35","5,28","5,72","1,55","4,42","7,41",Y,Y,N,N,N,Y,"4,74","8,85","9,37","4,38"
20180420,ubi,339258,,,,"7,11","7,04","6,20","1,52","6,81","6,91",N,Y,N,N,N,N,"5,32","3,57","5,30","6,43"
20160726,bancamarche,286543,,,,"7,40","4,86","1,63","3,82","6,14","0,39",N,N,Y,Y,N,Y,"8,39","1,47","8,79","1,37"
20170531,bpm,331204,,,,"8,01","3,19","0,76","1,24","6,85","3,18",N,N,N,N,N,Y,"8,29","0,69","0,49","8,80"
20170909,bpm,339258,,,,"9,37","3,25","5,80","8,67","2,08","0,45",N,N,Y,Y,Y,N,"3,60","7,67","1,65","3,65"
20170324,ubi,352727,,,,"0,75","1,81","3,24","4,47","4,20","0,52",N,N,N,Y,Y,N,"2,33","1,46","5,05","4,35"
20160330,bpm,322503,,,,"8,73","1,04","1,18","9,09","8,10","7,73",N,N,Y,Y,Y,N,"0,27","6,27","7,94","8,09"
20160724,bancamarche,290692,,,,"5,86","7,04","8,02","0,76","7,83","1,42",Y,N,Y,Y,Y,Y,"2,62","5,00","2,28","4,16"
20171116,bancamarche,446287,,,,"2,94","2,93","8,05","2,78","0,97","9,94",N,N,N,N,Y,Y,"8,87","6,81","2,30","2,95"
20170823,ubi,286543,,,,"6,77","4,13","6,23","1,28","7,61","7,71",N,Y,Y,Y,N,Y,"0,30","3,97","5,74","0,78"
20190115,bpm,455089,,,,"6,15","5,32","5,84","0,81","3,21","1,17",Y,N,N,N,N,N,"2,21","3,33","2,11","6,12"
20170713,bpm,396829,,,,"8,27","3,55","4,61","1,61","5,66","4,95",Y,Y,N,N,Y,N,"5,54","5,50","4,05","5,33"
20190316,ubi,359351,,,,"0,83","0,44","9,44","0,37","6,49","2,48",N,Y,Y,Y,Y,N,"3,67","3,46","9,64","0,01"
20160524,ubi,446287,,,,"8,17","1,66","9,52","6,08","9,27","7,20",N,Y,N,N,N,Y,"8,98","9,54","2,24","2,76"
20171001,bpm,412166,,,,"9,12","7,04","9,61","1,06","7,43","3,28",Y,N,Y,Y,N,N,"2,57","3,24","4,85","8,05"
20170712,ubi,368195,,,,"6,33","8,70","2,77","6,52","9,64","4,04",Y,N,N,Y,N,Y,"8,86","3,98","6,99","0,81"
20170510,bancamarche,286543,,,,"1,32","6,83","1,92","6,17","9,09","1,29",N,Y,Y,N,Y,N,"3,17","7,61","5,75","2,37"
20170126,ubi,340926,,,,"5,66","4,81","9,10","4,64","2,60","5,93",N,Y,Y,Y,Y,Y,"2,20","9,84","4,58","3,98"
20170906,bpm,417469,,,,"5,19","0,45","7,95","1,62","3,60","0,15",N,N,N,Y,N,N,"9,18","3,34","6,59","8,43"
20170325,ubi,352727,,,,"4,14","2,52","8,53","9,36","2,40","6,92",Y,N,Y,N,N,Y,"2,21","3,76","3,77","7,74"
20150823,bpm,322503,,,,"0,57","9,41","0,17","5,41","9,75","4,32",N,N,N,N,Y,N,"9,07","3,20","8,23","3,15"
20190324,bpm,290692,,,,"0,36","1,94","8,87","3,31","3,72","2,27",Y,Y,N,N,N,Y,"0,64","0,10","0,41","3,88"
20170315,bancamarche,446287,,,,"6,93","2,07","6,96","9,04","7,30","9,95",Y,N,Y,N,Y,N,"4,43","5,38","5,92","7,47"
20150624,ubi,359351,,,,"8,62","6,86","8,78","4,78","7,95","2,42",Y,Y,Y,Y,Y,N,"4,72","8,30","4,25","4,17"
20180710,bancamarche,352727,,,,"9,56","7,09","7,93","6,88","7,81","0,76",Y,Y,Y,Y,Y,Y,"6,39","2,54","2,63","1,64"
20170329,bpm,286543,,,,"1,97","2,68","6,69","6,03","5,89","2,07",Y,Y,Y,N,Y,Y,"9,68","3,43","1,78","7,28"
20180221,bancamarche,312710,,,,"6,49","8,02","1,14","5,70","5,66","6,26",Y,Y,Y,N,Y,Y,"3,63","6,83","8,44","1,57"
20190211,bpm,312710,,,,"7,40","3,95","1,03","8,44","6,33","8,21",N,N,Y,N,N,N,"0,01","6,61","7,08","0,73"
20180803,bpm,500267,,,,"2,73","2,17","6,60","1,62","5,76","3,47",N,Y,Y,Y,N,Y,"5,26","0,02","6,84","2,05"
20160719,bpm,412166,,,,"5,14","1,13","2,71","4,71","8,17","7,32",Y,N,N,N,N,N,"5,94","6,79","4,47","1,31"
20150902,bpm,290692,,,,"2,09","5,78","2,47","8,57","4,74","6,31",N,N,N,Y,N,Y,"5,59","0,31","0,67","4,19"
20190218,bancamarche,455089,,,,"6,73","5,00","7,72","2,47","8,03","6,69",N,Y,N,N,N,Y,"9,66","6,27","4,47","5,57"
20180924,bancamarche,352727,,,,"5,69","1,07","7,76","9,04","4,76","2,77",Y,N,N,Y,Y,Y,"7,76","6,19","1,20","5,11"
20160606,ubi,290692,,,,"7,81","7,79","9,35","7,30","9,56","0,57",Y,N,Y,Y,N,N,"5,87","9,61","4,74","7,87"
20150628,ubi,407472,,,,"0,37","3,40","1,12","4,97","4,31","7,04",N,Y,N,Y,Y,Y,"4,30","8,46","1,43","1,25"
20160603,bpm,411952,,,,"6,88","3,75","8,58","7,36","3,14","5,68",Y,Y,N,Y,Y,Y,"4,97","6,08","1,57","2,48"
20171114,bancamarche,340926,,,,"0,59","2,54","9,86","5,93","9,13","8,41",N,N,Y,N,Y,N,"5,23","3,42","6,51","5,31"
20150927,ubi,312710,,,,"4,83","7,14","3,81","1,35","2,25","8,48",N,N,N,N,Y,N,"7,93","3,06","1,51","0,07"
20171205,bancamarche,455089,,,,"7,93","9,55","3,53","7,90","3,73","7,58",N,Y,Y,N,N,Y,"5,62","6,01","3,13","3,96"
20160412,bancamarche,339258,,,,"6,88","1,33","2,27","9,30","3,05","9,07",Y,N,N,Y,Y,Y,"2,67","2,24","5,74","8,11"
20170209,bancamarche,290692,,,,"3,10","3,96","1,20","6,77","7,27","0,18",Y,Y,N,N,N,N,"5,25","0,48","9,43","8,05"
20170331,ubi,351122,,,,"1,50","2,67","9,39","1,48","3,35","9,78",N,N,Y,N,Y,Y,"4,75","7,27","0,51","7,14"
20150722,bpm,357389,,,,"2,27","5,01","6,62","6,97","5,41","3,08",Y,N,N,Y,N,N,"3,39","4,97","5,50","9,28"
20160228,ubi,352727,,,,"2,58","6,97","0,84","4,57","9,66","3,96",N,N,Y,N,N,N,"2,51","2,69","9,97","3,20"
20170620,bpm,446278,,,,"4,17","1,84","7,96","7,09","0,94","1,75",N,N,N,N,N,N,"4,42","3,60","9,82","5,71"
20150618,bpm,290692,,,,"8,21","8,24","9,80","7,03","9,79","1,73",N,Y,Y,Y,N,N,"7,84","0,23","9,25","3,88"
20161012,bpm,385053,,,,"4,15","5,39","9,53","7,99","0,96","8,76",N,N,N,N,N,Y,"1,71","0,13","4,25","6,30"
20151119,bpm,322503,,,,"3,18","6,65","4,72","1,23","6,07","2,99",N,Y,N,Y,Y,N,"0,22","4,54","6,59","2,19"
20150930,bancamarche,368195,,,,"4,87","4,58","5,68","6,48","2,78","3,47",N,Y,N,N,N,Y,"5,89","3,28","3,83","1,73"
20181123,bancamarche,359351,,,,"4,35","6,95","4,21","3,73","8,93","1,44",N,N,Y,N,Y,N,"8,08","1,42","9,97","2,14"
20160504,bpm,352727,,,,"1,34","1,86","3,52","9,21","7,38","1,87",N,Y,N,Y,N,Y,"2,78","9,18","5,19","4,79"
20170208,bpm,340926,,,,"2,30","1,97","4,28","0,68","3,01","0,71",Y,N,N,N,Y,Y,"3,57","3,68","1,66","2,92"
20180319,bancamarche,314104,,,,"3,17","4,74","2,83","6,11","4,28","8,67",N,N,Y,Y,Y,N,"8,88","0,41","2,19","4,59"
20170115,bancamarche,290692,,,,"8,81","4,93","8,67","4,85","5,97","2,84",N,N,Y,Y,N,N,"2,05","8,63","2,81","5,85"
20180503,bpm,446287,,,,"5,16","1,45","7,28","0,73","5,54","3,31",N,N,N,N,N,Y,"9,95","5,09","9,05","8,28"
20180320,bpm,331204,,,,"1,01","2,03","1,58","8,90","8,67","7,89",N,Y,N,Y,N,N,"8,72","8,08","7,72","7,47"
20160122,ubi,407472,,,,"8,60","0,32","6,37","5,88","6,52","8,08",Y,N,Y,Y,Y,N,"4,58","3,86","0,64","0,75"
20160513,bpm,314104,,,,"5,57","5,12","2,34","0,17","8,96","5,25",Y,Y,N,N,N,N,"2,32","3,80","2,24","3,49"
20160223,bpm,298409,,,,"1,51","7,61","0,05","6,46","8,28","8,16",N,N,Y,N,Y,N,"0,59","9,85","7,17","5,50"
20160910,bancamarche,298409,,,,"5,43","2,09","4,78","3,65","7,28","3,09",N,N,N,N,Y,N,"0,39","1,07","5,34","7,80"
20161217,bpm,426842,,,,"0,00","9,21","4,47","8,31","1,52","9,09",N,Y,N,N,N,Y,"0,85","7,76","8,29","8,85"
20160417,bpm,396829,,,,"9,89","3,32","8,13","3,34","1,04","7,11",N,N,Y,Y,N,Y,"3,36","3,82","9,49","4,92"
20151019,bpm,485346,,,,"1,48","8,84","2,56","6,12","3,67","0,55",Y,N,Y,Y,N,Y,"2,09","2,17","9,54","8,42"
20150910,ubi,298409,,,,"0,97","0,28","4,18","9,63","7,68","2,97",Y,Y,N,N,Y,N,"9,06","8,07","5,31","4,30"
20180215,bancamarche,298409,,,,"9,71","1,91","3,87","1,79","9,33","9,30",N,N,Y,Y,N,Y,"2,46","4,58","3,97","2,06"
20151211,bancamarche,351122,,,,"2,71","1,26","5,76","0,34","8,34","7,06",Y,N,Y,Y,N,Y,"1,56","9,95","2,18","9,79"
20171216,bpm,352727,,,,"8,80","1,80","1,90","3,89","1,19","9,29",Y,Y,Y,N,Y,Y,"5,20","4,89","7,90","1,83"
20160125,ubi,312710,,,,"7,22","5,18","9,76","5,50","3,00","0,41",N,Y,Y,N,Y,Y,"5,08","5,89","4,24","2,00"
20180308,bancamarche,298409,,,,"3,59","8,41","9,63","5,10","0,27","2,94",N,N,Y,N,N,N,"5,42","4,85","4,37","3,77"
20190113,bancamarche,455089,,,,"7,13","2,58","1,54","6,92","9,63","6,42",Y,N,Y,N,Y,Y,"8,38","7,82","1,25","1,51"
20160225,bpm,500267,,,,"3,83","2,37","5,58","2,39","3,77","1,52",N,Y,N,N,N,Y,"0,37","2,28","5,04","0,32"
20150717,ubi,314104,,,,"0,65","5,55","5,01","4,27","3,22","4,19",Y,N,N,N,Y,Y,"8,45","7,41","9,75","8,25"
20150719,ubi,298409,,,,"3,50","7,49","5,26","7,46","6,12","0,85",Y,Y,Y,Y,Y,N,"7,59","3,00","1,23","1,98"
20180719,ubi,339258,,,,"2,57","5,95","5,07","0,39","6,65","4,25",Y,Y,N,N,Y,N,"6,21","5,14","5,98","5,88"
20151116,bancamarche,485346,,,,"0,68","3,92","0,89","7,84","6,97","4,05",Y,N,Y,Y,N,N,"9,99","4,46","3,86","1,65"
20171007,bancamarche,455089,,,,"9,56","4,54","9,96","2,74","7,65","7,62",Y,Y,Y,N,Y,N,"7,53","4,12","8,16","9,71"
20190505,ubi,407472,,,,"4,93","1,48","3,58","8,51","7,23","8,31",Y,N,Y,Y,N,Y,"0,31","7,72","2,15","3,40"
20160505,ubi,339258,,,,"3,73","3,44","0,96","6,64","6,10","0,83",N,Y,Y,Y,N,N,"9,17","3,65","7,56","5,37"
20170328,bpm,368195,,,,"8,98","1,29","5,34","2,67","2,58","5,03",Y,Y,Y,Y,N,N,"1,82","7,97","8,21","3,53"
20180610,bpm,368195,,,,"6,49","0,35","3,13","9,56","5,66","5,08",N,Y,Y,N,Y,N,"5,71","3,09","1,61","4,28"
20160124,bpm,298706,,,,"6,38","7,24","5,39","6,70","4,49","1,75",N,N,Y,Y,N,Y,"6,18","3,19","4,07","1,22"
20160614,bpm,407472,,,,"6,67","7,31","4,23","2,34","9,38","0,40",N,Y,N,Y,N,N,"7,30","7,84","9,97","1,90"
20190101,ubi,368195,,,,"3,71","6,15","9,74","9,49","2,68","8,80",Y,Y,Y,Y,N,N,"7,25","3,38","0,06","8,31"
20151203,bpm,368689,,,,"5,06","0,29","9,95","0,61","2,68","0,95",Y,Y,N,N,N,N,"1,66","3,77","3,56","6,27"
20160426,bpm,368689,,,,"7,32","9,08","6,17","5,67","8,30","9,73",Y,Y,Y,N,Y,N,"8,58","7,76","5,28","9,36"
20190217,ubi,455089,,,,"8,48","0,83","8,18","5,04","2,78","2,53",Y,Y,Y,Y,N,Y,"1,22","1,50","2,29","7,84"
20190305,bancamarche,276553,,,,"7,65","7,18","5,26","3,31","7,88","2,80",N,N,Y,N,Y,N,"0,93","1,25","7,13","5,66"
20171005,bpm,411952,,,,"3,44","8,62","9,47","9,42","4,71","4,49",Y,Y,Y,Y,N,Y,"5,91","4,73","1,79","8,82"
20180712,bancamarche,276553,,,,"0,38","2,97","5,11","4,15","8,51","5,58",Y,N,Y,N,Y,Y,"5,28","5,43","1,29","2,49"
20181120,ubi,276553,,,,"1,00","2,78","5,47","4,53","6,52","0,65",Y,N,N,Y,N,Y,"1,59","5,86","8,80","4,63"
20160421,bpm,455089,,,,"4,17","8,84","2,01","0,91","2,93","3,35",N,Y,N,Y,Y,Y,"9,86","0,58","5,41","9,15"
20180409,bpm,359351,,,,"6,60","7,48","4,22","0,22","2,93","4,57",Y,Y,Y,N,Y,N,"2,02","2,00","5,59","9,86"
20181023,ubi,322503,,,,"7,01","0,63","5,18","3,30","5,63","1,88",N,Y,Y,N,N,Y,"3,35","0,96","5,47","5,00"
20151120,bancamarche,485346,,,,"4,86","2,81","3,56","4,47","5,95","3,82",Y,Y,N,Y,N,Y,"4,13","5,37","5,04","9,25"
20180510,bancamarche,298409,,,,"7,87","6,16","9,94","3,09","7,52","8,90",N,Y,Y,Y,N,Y,"9,43","7,72","7,05","5,78"
20170204,bpm,298409,,,,"7,69","5,52","8,77","0,38","7,88","1,03",N,N,Y,Y,N,Y,"0,51","2,29","4,61","7,66"
20181225,bpm,298409,,,,"9,46","6,61","0,15","6,90","0,01","8,04",N,Y,Y,N,N,N,"5,65","1,91","0,71","6,34"
20171121,bpm,396829,,,,"1,98","6,80","6,85","4,77","4,10","1,15",N,Y,N,N,N,Y,"0,97","9,91","2,22","5,36"
20181126,bancamarche,286543,,,,"6,59","5,18","2,62","1,94","7,08","1,57",Y,N,Y,N,N,N,"8,15","3,02","5,23","0,48"
20180912,ubi,359351,,,,"6,27","1,54","8,01","1,54","4,16","4,01",Y,Y,N,Y,Y,N,"0,05","6,41","7,96","2,87"
20180130,ubi,485346,,,,"2,76","8,99","9,67","4,67","5,94","9,50",N,Y,Y,Y,N,N,"7,44","9,91","0,44","6,14"
20150902,bancamarche,276553,,,,"1,85","1,09","5,84","6,09","2,29","1,79",Y,N,Y,N,Y,N,"7,85","4,04","8,81","4,76"
20180326,bpm,446287,,,,"9,60","8,74","2,86","7,01","6,14","1,92",Y,Y,N,N,Y,N,"3,85","7,36","1,34","6,84"
20150701,bancamarche,411952,,,,"2,87","4,80","2,73","3,09","5,62","2,95",N,N,N,N,N,Y,"2,99","9,13","1,75","1,08"
20151128,bancamarche,290692,,,,"4,35","9,68","6,71","0,05","5,01","3,34",N,N,Y,N,Y,N,"8,74","5,61","6,42","9,26"
20151021,bancamarche,314104,,,,"2,84","6,09","1,49","8,04","3,00","4,31",Y,Y,N,Y,Y,Y,"2,85","5,81","2,18","4,86"
20180108,ubi,312710,,,,"1,39","3,68","5,85","1,37","9,20","9,56",Y,N,N,Y,Y,N,"8,81","3,92","5,81","9,38"
20190318,ubi,359351,,,,"3,16","0,09","8,94","0,07","8,56","1,52",Y,Y,N,N,Y,Y,"9,85","9,97","6,65","1,06"
20180727,bancamarche,455089,,,,"8,30","1,76","5,58","9,71","0,13","1,75",N,N,Y,Y,Y,N,"4,72","8,05","5,41","1,80"
20170805,ubi,276553,,,,"6,33","1,53","9,81","6,61","5,75","7,77",N,N,N,N,N,N,"0,54","1,44","1,25","2,06"
20180316,bpm,314104,,,,"8,16","9,82","9,55","4,34","3,52","2,48",N,Y,N,N,N,N,"9,45","8,86","9,67","0,78"
20190422,ubi,455089,,,,"9,07","0,06","7,19","3,46","4,60","0,33",N,Y,Y,Y,Y,Y,"3,64","5,76","4,58","6,92"
20180904,bancamarche,485346,,,,"4,90","7,79","8,69","1,49","0,24","0,78",N,N,Y,Y,Y,Y,"3,39","6,65","5,39","7,61"
20170815,bpm,339258,,,,"9,90","5,49","6,09","9,62","3,02","3,30",Y,Y,N,Y,N,Y,"7,92","0,44","8,67","0,57"
20180123,ubi,368195,,,,"7,69","8,19","7,43","8,61","3,77","5,60",Y,Y,N,Y,N,N,"2,17","4,65","7,13","9,21"
20170506,bpm,395505,,,,"8,75","7,87","0,58","3,79","2,21","2,36",N,Y,Y,N,Y,N,"0,58","8,23","9,20","0,16"
20171221,ubi,340926,,,,"5,88","3,77","9,87","9,66","1,74","3,91",N,Y,N,N,N,Y,"5,77","7,99","1,22","8,91"
20170209,ubi,352727,,,,"9,79","5,74","9,42","2,47","1,91","4,72",N,N,N,N,N,Y,"3,75","3,78","3,18","2,24"
20160731,ubi,359351,,,,"0,25","6,17","5,31","3,68","4,18","3,15",Y,Y,N,N,N,N,"8,98","7,56","5,49","8,56"
20170401,bpm,411952,,,,"6,01","0,39","8,61","4,29","0,12","8,64",Y,Y,Y,N,N,Y,"8,60","5,48","0,02","9,99"
20181019,bpm,404684,,,,"9,29","6,67","0,92","0,47","5,03","8,43",N,Y,Y,Y,N,Y,"2,33","2,42","6,12","4,67"
20170702,bpm,359351,,,,"3,89","6,14","7,23","9,53","4,62","6,46",Y,N,N,Y,N,Y,"3,71","1,98","6,90","2,28"
20190510,bancamarche,359351,,,,"7,48","2,45","4,49","2,74","4,08","4,16",N,N,N,N,N,N,"6,76","3,25","3,66","7,56"
20160105,ubi,340926,,,,"9,96","8,36","8,21","8,57","3,51","4,65",N,N,Y,Y,N,N,"3,32","6,29","9,92","0,17"
20160718,ubi,359351,,,,"9,38","7,42","9,62","7,58","1,72","3,50",N,N,Y,N,Y,Y,"6,62","7,04","0,44","0,36"
20151104,bpm,396829,,,,"8,90","4,09","9,14","2,02","1,97","0,51",Y,Y,N,N,N,Y,"7,78","0,84","3,89","9,82"
20171119,ubi,368195,,,,"3,96","0,42","9,50","4,95","3,46","3,33",N,Y,Y,Y,Y,N,"4,58","3,53","1,43","7,72"
20160220,bancamarche,290692,,,,"7,12","6,98","4,02","4,52","4,27","1,20",N,N,N,Y,Y,N,"2,38","8,30","6,35","9,40"
20160710,bpm,314104,,,,"9,29","6,05","9,55","8,16","6,58","0,53",N,N,Y,N,N,Y,"0,70","2,45","0,02","4,76"
20171011,bpm,298409,,,,"1,02","0,72","5,18","3,69","0,61","1,21",N,N,Y,Y,N,N,"8,14","9,51","6,00","9,94"
20161119,bancamarche,455089,,,,"3,31","1,44","9,10","0,93","8,87","2,15",N,Y,Y,N,N,Y,"1,78","2,99","2,40","0,72"
20170216,ubi,314104,,,,"5,48","8,44","9,23","5,40","7,37","2,00",N,N,N,Y,Y,N,"1,63","5,23","6,73","4,65"
20150831,bpm,351122,,,,"7,99","9,78","8,33","3,02","2,27","0,55",Y,Y,Y,Y,Y,N,"8,29","9,11","7,42","6,26"
20180914,bpm,290692,,,,"4,89","6,14","0,29","2,04","3,35","9,85",Y,N,N,Y,Y,N,"7,48","2,21","7,87","5,55"
20170226,bpm,322534,,,,"4,11","4,26","6,32","7,97","9,58","5,00",Y,Y,N,N,N,Y,"2,15","4,96","0,92","2,20"
20151219,ubi,314104,,,,"8,16","3,53","0,67","9,39","6,61","7,57",Y,Y,Y,N,N,N,"7,55","0,60","3,44","5,26"
20160907,ubi,411952,,,,"2,03","1,72","9,51","1,77","7,29","1,22",N,Y,Y,N,Y,Y,"0,90","2,83","0,42","2,05"
20180203,bpm,312710,,,,"6,44","2,86","7,74","7,42","7,46","6,02",N,Y,N,Y,Y,Y,"0,79","6,51","6,58","1,08"
20180329,ubi,411952,,,,"5,88","9,68","3,22","0,55","6,48","6,24",N,Y,N,Y,N,Y,"9,15","9,29","5,65","4,82"
20181102,ubi,351122,,,,"1,67","9,58","0,90","3,27","4,51","6,62",Y,Y,N,Y,N,N,"3,86","6,31","2,03","5,93"
20160423,ubi,312710,,,,"3,42","7,84","8,45","5,92","6,35","6,76",Y,N,N,Y,Y,N,"8,44","8,29","6,92","6,42"
20170608,bpm,396829,,,,"1,81","2,30","8,71","8,25","9,63","4,88",Y,Y,N,Y,N,N,"0,28","0,78","5,69","0,67"
20150807,bancamarche,446287,,,,"8,21","2,30","5,19","7,93","1,25","4,31",N,N,Y,N,N,N,"8,13","0,88","1,08","6,40"
20190322,bpm,286543,,,,"1,05","5,71","1,91","4,92","1,58","6,07",N,N,N,N,Y,N,"3,62","5,33","3,40","5,15"
20171230,bpm,411952,,,,"0,42","6,43","1,91","8,13","3,68","9,32",Y,Y,Y,N,Y,N,"4,83","8,94","8,29","1,18"
20150630,bancamarche,340926,,,,"5,86","8,06","3,62","1,60","1,55","6,74",Y,Y,N,N,Y,N,"8,23","4,90","4,55","7,86"
20180426,ubi,322503,,,,"5,26","7,60","8,76","8,67","0,04","3,16",N,Y,Y,Y,Y,Y,"5,54","0,68","6,98","2,78"
20161022,bpm,276553,,,,"1,96","9,48","8,89","9,78","2,40","5,99",N,Y,Y,Y,N,Y,"0,19","4,78","3,03","5,18"
20170722,bpm,292969,,,,"7,98","5,72","5,41","3,18","1,62","5,22",N,N,N,N,Y,N,"9,70","1,04","8,84","4,41"
20180204,bancamarche,412166,,,,"3,69","1,16","9,61","7,53","9,28","9,94",N,Y,N,Y,Y,N,"0,61","8,62","7,50","9,39"
20160321,bpm,396829,,,,"7,78","3,65","7,31","1,49","6,55","7,22",N,N,Y,N,Y,Y,"5,24","4,58","2,14","7,27"
20170228,bancamarche,446287,,,,"8,66","5,16","6,31","3,53","0,18","8,23",Y,N,N,Y,Y,Y,"6,94","1,64","4,40","6,12"
20190328,bancamarche,298409,,,,"4,29","6,21","3,33","8,79","1,47","6,71",N,Y,N,Y,Y,Y,"8,45","7,90","7,37","9,10"
20151210,ubi,407472,,,,"2,78","6,01","9,16","0,94","0,39","0,32",N,Y,Y,N,N,Y,"9,15","7,36","2,25","0,87"
20170919,bpm,368195,,,,"9,82","9,83","6,04","6,90","0,86","3,42",N,N,Y,N,Y,Y,"2,79","8,13","7,57","9,82"
20170523,bpm,395505,,,,"8,81","5,35","4,55","1,80","2,00","7,36",Y,Y,N,Y,N,Y,"9,02","1,00","3,14","1,56"
20180705,bancamarche,352727,,,,"7,92","9,42","0,91","6,64","0,02","6,28",Y,Y,N,N,N,N,"4,10","1,07","2,26","4,55"
20190427,ubi,339258,,,,"7,73","2,06","2,66","2,32","7,62","3,25",Y,Y,N,N,Y,N,"1,94","9,75","0,21","7,70"
20190530,bancamarche,290692,,,,"1,52","5,61","3,26","7,34","9,24","8,35",Y,Y,N,N,Y,N,"3,58","3,90","2,17","6,66"
20170704,ubi,412166,,,,"0,04","3,88","4,91","9,46","0,31","6,93",N,Y,N,Y,Y,Y,"8,59","8,10","2,80","6,29"
20170921,ubi,340926,,,,"3,05","3,13","5,00","3,56","8,81","6,63",Y,N,Y,Y,N,Y,"5,96","6,38","5,31","2,72"
20180901,bancamarche,455089,,,,"4,59","1,65","7,14","5,37","9,69","3,42",Y,Y,N,N,Y,N,"4,04","2,71","4,76","4,24"
20160925,bpm,322534,,,,"9,43","5,45","7,73","9,97","7,24","0,09",Y,N,N,Y,N,Y,"4,73","3,59","0,32","1,08"
20170204,bpm,395505,,,,"3,05","6,10","7,92","2,48","8,18","7,89",Y,N,Y,Y,Y,Y,"6,78","0,27","1,39","7,42"
20180120,ubi,286543,,,,"7,93","4,31","4,54","7,71","4,85","5,52",Y,N,Y,Y,N,N,"6,47","9,70","2,00","3,93"
20170228,bpm,311946,,,,"7,99","6,83","5,84","8,82","9,73","5,72",N,N,N,N,N,N,"2,16","7,41","0,32","1,19"
20181021,bpm,340926,,,,"7,95","2,26","4,22","1,86","9,23","1,60",Y,N,N,N,Y,N,"4,55","7,11","1,98","6,15"
20160206,bancamarche,298409,,,,"9,66","0,13","5,05","3,92","1,65","3,36",N,N,N,N,Y,Y,"4,51","0,54","7,86","6,10"
20180706,ubi,359351,,,,"1,35","4,31","8,59","6,93","2,43","9,20",Y,N,Y,N,Y,N,"5,12","5,19","3,10","2,64"
20180314,bpm,407472,,,,"6,86","4,76","0,00","4,00","5,11","7,81",Y,Y,Y,Y,Y,N,"3,83","5,69","2,55","1,71"
20190402,bpm,446287,,,,"1,12","4,80","7,24","3,23","1,99","8,30",N,Y,Y,Y,Y,Y,"6,96","0,97","8,22","1,44"
20180313,ubi,312710,,,,"4,74","5,53","6,19","2,80","2,43","9,50",N,Y,N,N,N,Y,"1,20","3,62","8,94","5,08"
20180923,ubi,312710,,,,"1,31","3,65","4,10","4,93","5,66","1,20",Y,Y,Y,Y,Y,Y,"6,91","3,03","2,76","7,59"
20180803,bpm,368195,,,,"0,14","1,52","9,90","2,34","8,86","5,40",Y,N,Y,Y,N,N,"2,01","1,06","2,52","4,87"
20190406,ubi,290692,,,,"1,18","9,22","0,23","9,11","4,37","6,00",N,Y,N,N,Y,Y,"6,26","3,98","2,82","7,43"
20181109,bancamarche,351122,,,,"3,19","1,51","0,17","0,55","5,26","4,57",Y,N,N,Y,Y,N,"1,08","2,93","1,38","8,94"
20150827,ubi,352727,,,,"9,11","1,44","5,85","5,75","2,40","0,89",Y,N,Y,N,N,N,"0,27","0,68","7,85","4,71"
20170214,bpm,385053,,,,"4,51","4,63","3,89","1,94","8,41","8,55",Y,N,Y,Y,N,Y,"3,54","4,98","8,63","0,93"
20181129,bpm,290692,,,,"9,98","8,42","4,62","3,18","6,97","5,16",N,N,N,N,Y,N,"7,74","6,88","6,76","0,17"
20161103,bpm,276553,,,,"2,98","9,43","6,15","5,59","1,34","8,74",N,Y,Y,N,Y,N,"1,72","5,61","4,28","5,48"
20160119,bpm,340926,,,,"7,17","8,05","9,93","6,01","4,31","6,25",N,Y,Y,N,Y,Y,"4,40","3,13","1,81","9,27"
20181202,ubi,339258,,,,"6,85","1,29","3,39","7,68","2,88","4,63",Y,N,Y,N,Y,Y,"4,39","9,20","1,88","8,05"
20170429,ubi,352727,,,,"6,57","8,23","9,08","6,59","3,80","3,77",N,Y,N,N,N,Y,"7,32","6,98","7,53","0,39"
20181105,bpm,407472,,,,"4,28","8,21","5,53","8,09","4,22","3,11",Y,Y,N,N,N,Y,"5,94","1,41","4,81","0,43"
20170625,bancamarche,340926,,,,"7,20","8,50","7,18","8,39","0,47","4,48",Y,N,Y,Y,N,Y,"0,84","8,84","1,87","6,53"
20171004,bancamarche,411952,,,,"0,60","3,14","0,44","0,25","3,11","3,09",N,Y,Y,Y,Y,Y,"1,16","2,85","7,44","6,27"
20160401,bancamarche,290692,,,,"8,88","8,49","3,39","7,38","7,95","3,34",N,N,N,N,N,N,"4,22","0,23","9,14","8,03"
20160121,bancamarche,276553,,,,"7,41","5,77","8,58","6,34","7,06","6,60",N,N,Y,Y,Y,Y,"8,62","7,58","1,07","0,07"
20160428,ubi,298409,,,,"6,94","6,93","8,38","2,28","4,89","7,74",N,Y,Y,Y,N,Y,"7,96","1,89","0,07","4,64"
20150925,bpm,499140,,,,"0,53","8,20","4,54","5,95","0,18","5,39",Y,N,N,N,N,N,"7,73","3,22","2,45","4,77"
20150921,bancamarche,446287,,,,"9,00","6,60","3,77","8,79","1,86","4,04",N,N,N,N,N,N,"6,00","0,19","5,19","7,01"
20170408,ubi,322503,,,,"5,40","1,18","3,61","7,83","6,73","6,11",N,Y,N,N,N,N,"6,74","6,36","9,96","7,57"
20180612,bancamarche,407472,,,,"5,48","4,54","3,80","0,69","9,99","0,81",Y,Y,N,Y,Y,N,"9,84","7,28","7,52","5,92"
20170412,bpm,312710,,,,"5,48","4,15","5,31","1,36","2,09","6,72",N,N,Y,N,N,N,"4,50","4,14","5,09","9,05"
20180516,ubi,411952,,,,"7,03","1,75","6,25","7,01","2,93","8,77",Y,Y,N,Y,N,Y,"6,99","3,73","0,91","5,75"
20170907,bancamarche,298409,,,,"7,51","5,62","3,18","5,04","6,46","5,35",N,Y,N,N,Y,Y,"9,45","3,51","5,59","9,29"
20180809,bancamarche,407472,,,,"7,74","6,08","1,00","8,25","8,95","8,82",Y,N,Y,N,Y,Y,"6,03","5,75","2,72","8,87"
20171009,bpm,446287,,,,"4,00","3,15","5,71","9,31","6,26","1,55",Y,Y,Y,N,Y,N,"7,91","1,11","9,95","8,26"
20181210,bpm,290692,,,,"8,61","7,00","4,06","2,38","0,46","5,73",Y,N,Y,N,Y,Y,"1,02","2,54","6,87","2,03"
20150618,bpm,286543,,,,"3,40","4,97","0,72","6,10","1,45","4,74",Y,Y,N,N,Y,N,"5,79","8,78","8,66","0,66"
20170210,bpm,446287,,,,"4,44","0,83","2,33","7,60","7,14","8,45",N,N,Y,N,Y,Y,"7,35","9,32","8,08","7,67"
20180807,ubi,446287,,,,"7,70","8,52","4,61","9,52","1,15","5,59",Y,N,N,N,N,Y,"2,81","4,01","8,41","5,33"
20150820,ubi,352727,,,,"0,16","9,41","1,60","3,51","4,93","2,74",Y,Y,Y,Y,N,N,"1,47","9,67","7,15","8,93"
20171102,bancamarche,485346,,,,"5,02","7,59","1,76","3,86","8,60","5,35",N,N,Y,Y,Y,N,"0,07","9,82","9,60","0,62"
20150904,bpm,292969,,,,"1,12","3,25","4,48","2,73","5,18","5,56",Y,N,N,Y,N,Y,"0,44","4,05","2,78","6,76"
20160119,bpm,314104,,,,"0,98","3,07","9,40","6,02","5,79","6,41",Y,Y,N,N,Y,N,"9,39","4,68","0,43","5,03"
20151210,bpm,312710,,,,"8,42","3,04","6,81","8,49","4,65","9,93",N,N,Y,N,Y,N,"1,62","9,57","4,01","7,60"
20190325,bpm,331204,,,,"0,77","2,24","3,00","8,42","3,45","8,24",N,N,Y,N,N,Y,"6,37","8,25","8,73","8,02"
20180821,bancamarche,359351,,,,"8,45","0,59","3,44","8,66","2,85","2,45",Y,Y,Y,Y,N,N,"3,32","1,31","8,16","3,67"
20160402,ubi,312710,,,,"2,71","1,87","8,92","1,64","0,95","2,96",N,N,Y,Y,Y,Y,"0,38","2,84","4,37","9,49"
20190215,bancamarche,359351,,,,"8,66","9,67","4,24","3,27","9,87","4,06",N,Y,Y,Y,Y,Y,"4,74","2,14","1,17","8,89"
20160606,bpm,351122,,,,"2,19","6,00","5,16","5,78","7,17","6,31",Y,N,Y,Y,Y,Y,"8,20","3,46","2,15","3,26"
20171011,ubi,290692,,,,"5,58","0,61","2,22","0,85","4,58","4,47",Y,N,N,Y,N,Y,"8,16","6,32","5,21","9,53"
20180630,bpm,357389,,,,"9,37","2,97","0,78","8,75","9,20","5,40",N,Y,Y,N,Y,N,"5,13","9,92","3,77","3,41"
20170803,bancamarche,368195,,,,"0,45","4,26","7,33","1,14","9,92","1,95",Y,N,Y,Y,Y,Y,"4,16","1,99","7,36","9,39"
20161101,bancamarche,407472,,,,"4,81","2,38","3,38","2,60","1,41","1,50",N,N,N,Y,Y,N,"3,54","7,42","0,39","2,04"
20190405,ubi,412166,,,,"1,01","5,75","9,62","9,34","9,14","7,47",N,Y,Y,Y,Y,Y,"6,32","9,06","3,84","0,14"
20180110,ubi,312710,,,,"9,82","2,66","6,38","5,14","3,89","2,72",Y,N,N,N,Y,Y,"6,82","5,66","7,65","0,55"
20170919,bancamarche,339258,,,,"6,64","4,93","2,48","3,36","9,58","0,05",Y,N,Y,N,Y,Y,"5,64","5,39","9,23","8,60"
20180711,bpm,455089,,,,"5,90","4,00","4,14","6,56","8,38","1,95",N,Y,N,Y,N,Y,"7,43","8,87","0,70","3,12"
20151218,bancamarche,411952,,,,"7,01","0,60","6,56","4,92","7,73","3,22",Y,N,N,Y,N,Y,"3,51","2,32","0,45","2,27"
20160410,bpm,351122,,,,"7,56","5,22","3,71","8,01","2,63","8,12",Y,Y,Y,N,Y,Y,"6,07","7,90","8,87","9,96"
20170723,ubi,276553,,,,"0,78","4,01","9,24","7,52","7,31","0,00",Y,Y,Y,Y,N,Y,"5,13","0,94","7,85","8,46"
20170102,bpm,312710,,,,"2,37","9,09","3,66","3,01","3,66","9,46",N,Y,Y,Y,Y,N,"0,00","5,19","8,75","9,62"
20171221,bpm,312710,,,,"9,35","4,57","4,09","6,60","1,82","4,26",N,Y,N,N,N,Y,"6,16","5,24","2,34","9,48"
20190111,bpm,340926,,,,"2,01","5,12","0,31","7,90","4,97","1,23",N,N,N,Y,Y,N,"8,43","5,46","7,23","1,60"
20190313,ubi,455089,,,,"9,98","0,49","9,83","3,92","3,40","4,26",N,Y,Y,N,N,N,"9,07","0,36","5,71","3,04"
20180811,ubi,446287,,,,"9,23","1,66","6,61","4,15","5,58","7,79",Y,N,N,Y,Y,N,"4,80","6,09","7,26","8,08"
20160605,bpm,446287,,,,"3,44","5,15","3,85","4,99","0,13","6,32",Y,N,Y,Y,Y,Y,"6,33","1,52","5,99","6,62"
20160226,ubi,276553,,,,"5,86","2,87","5,06","4,45","3,69","9,53",N,Y,N,Y,N,Y,"6,52","9,94","6,64","0,49"
20170904,bancamarche,322503,,,,"9,65","1,12","4,94","6,10","0,90","6,75",N,N,N,Y,Y,Y,"5,30","9,82","9,37","8,50"
20170324,ubi,312710,,,,"7,69","8,74","5,03","2,97","5,59","9,95",Y,N,N,Y,Y,N,"4,76","6,96","1,33","6,37"
20180301,ubi,359351,,,,"1,47","4,13","2,98","3,43","5,42","7,48",N,Y,Y,Y,Y,Y,"0,97","3,48","0,00","7,59"
20180305,bancamarche,407472,,,,"7,89","7,26","5,00","9,63","8,35","8,74",N,Y,Y,Y,N,N,"3,53","4,32","6,60","5,70"
20170722,ubi,314104,,,,"6,65","8,44","9,90","1,21","2,65","4,77",N,N,N,N,N,N,"1,08","8,56","3,51","7,10"
20190406,ubi,455089,,,,"5,55","3,84","7,45","1,24","0,06","3,06",Y,Y,N,Y,Y,N,"6,25","4,59","9,06","0,75"
20180410,bancamarche,286543,,,,"7,06","0,66","5,61","2,59","6,05","5,53",N,N,N,N,Y,N,"2,16","6,88","8,73","4,66"
20171118,bancamarche,276553,,,,"3,67","3,39","6,32","7,99","5,84","5,66",Y,N,N,N,Y,Y,"5,84","1,09","2,09","0,97"
20161101,bancamarche,322503,,,,"8,87","0,26","7,38","9,35","8,11","8,42",N,Y,N,Y,N,Y,"2,28","1,58","4,62","7,62"
20170118,bancamarche,286543,,,,"5,90","4,08","4,54","0,88","7,71","8,36",N,Y,Y,N,N,Y,"2,37","9,85","6,70","8,22"
20190402,ubi,298409,,,,"9,08","3,50","3,67","9,14","5,61","2,68",Y,N,N,Y,N,Y,"3,76","7,55","4,89","0,43"
20171028,ubi,286543,,,,"0,24","2,35","7,13","9,64","5,66","7,76",N,N,N,N,N,N,"0,94","0,15","1,06","8,03"
20160101,ubi,352727,,,,"3,05","2,27","7,48","1,17","2,62","1,42",Y,Y,N,Y,Y,N,"5,87","7,43","4,85","6,34"
20180903,ubi,485346,,,,"0,98","2,92","0,61","8,02","3,36","2,28",Y,Y,Y,Y,Y,N,"5,98","7,60","7,33","2,99"
20161225,ubi,286543,,,,"7,98","5,77","1,54","8,28","2,36","1,14",N,N,Y,N,Y,Y,"0,70","5,73","3,44","4,58"
20161024,bpm,278309,,,,"6,62","9,89","4,98","4,58","0,56","9,43",N,Y,Y,N,Y,N,"8,75","9,77","6,21","9,45"
20190424,bancamarche,298409,,,,"3,57","8,04","2,61","7,47","2,50","7,97",Y,N,N,Y,Y,Y,"6,10","2,04","8,95","6,24"
20170627,ubi,352727,,,,"7,01","8,37","1,23","6,32","5,46","6,24",N,N,N,Y,Y,Y,"1,80","1,99","4,56","2,37"
20170302,bancamarche,455089,,,,"3,99","7,28","1,13","0,76","6,01","8,03",N,N,Y,N,Y,Y,"0,49","5,82","4,48","9,90"
20170415,bancamarche,446287,,,,"5,67","7,97","7,91","4,89","0,67","3,90",N,N,Y,Y,N,Y,"9,70","7,83","1,52","2,46"
20181030,bpm,449653,,,,"5,89","7,54","8,45","3,46","2,42","6,94",N,Y,Y,Y,Y,N,"7,73","1,83","0,55","3,90"
20161231,bpm,446287,,,,"5,73","6,65","5,16","1,98","9,87","9,79",N,Y,Y,Y,Y,Y,"7,52","6,39","8,87","2,31"
20171019,bpm,322534,,,,"6,29","4,34","8,17","5,72","1,06","1,35",Y,N,Y,Y,N,N,"6,27","6,39","2,45","7,48"
20170216,ubi,290692,,,,"9,60","1,14","0,14","3,60","5,41","9,61",Y,Y,N,N,N,Y,"1,91","7,18","8,60","7,38"
20170127,bpm,411952,,,,"0,34","2,95","3,45","6,80","0,17","9,92",N,N,N,Y,N,Y,"6,88","6,94","1,17","1,28"
20151025,ubi,322503,,,,"0,24","6,27","4,88","3,05","9,01","0,40",Y,N,Y,Y,N,Y,"8,41","8,46","2,98","7,93"
20160903,bancamarche,290692,,,,"6,68","1,09","4,66","3,37","9,50","1,45",N,N,Y,Y,N,Y,"7,75","2,24","9,26","5,02"
20181231,ubi,368195,,,,"0,51","7,89","0,52","8,56","7,06","6,07",Y,Y,N,Y,Y,N,"8,80","1,15","6,81","0,39"
20170905,ubi,339258,,,,"1,16","4,26","3,29","7,56","7,87","1,63",N,N,N,Y,N,Y,"2,44","1,20","9,32","5,15"
20150907,bancamarche,351122,,,,"8,10","4,44","2,51","1,07","0,29","2,13",N,Y,N,N,Y,Y,"0,95","6,63","4,63","9,60"
20150904,bpm,359351,,,,"0,40","3,17","0,80","3,82","8,24","2,71",N,Y,N,N,Y,N,"4,28","1,96","5,49","9,08"
20151227,ubi,407472,,,,"9,83","9,26","0,13","7,93","4,76","0,01",Y,Y,N,N,Y,Y,"4,96","4,08","3,51","6,80"
20160604,bpm,446287,,,,"5,14","6,67","3,15","3,16","7,82","2,66",N,Y,Y,Y,Y,Y,"3,08","6,94","8,94","3,70"
